{
  "overall_metrics": {
    "accuracy": 0.9866666666666667,
    "precision": 0.9868959077884026,
    "recall": 0.9866666666666667,
    "f1_score": 0.9866267857251887
  },
  "per_class_metrics": {
    "0": {
      "precision": 0.9802955665024631,
      "recall": 0.995,
      "f1_score": 0.9875930521091811
    },
    "1": {
      "precision": 0.9803921568627451,
      "recall": 1.0,
      "f1_score": 0.9900990099009901
    },
    "2": {
      "precision": 1.0,
      "recall": 0.965,
      "f1_score": 0.9821882951653944
    }
  },
  "confusion_matrix": [
    [
      199,
      1,
      0
    ],
    [
      0,
      200,
      0
    ],
    [
      4,
      3,
      193
    ]
  ],
  "cross_validation": {
    "scores": [
      0.9583333333333334,
      0.95,
      0.9583333333333334,
      0.9333333333333333,
      0.9833333333333333
    ],
    "mean_score": 0.9566666666666667,
    "std_score": 0.016158932858054413,
    "min_score": 0.9333333333333333,
    "max_score": 0.9833333333333333
  }
}