{
  "metrics": {
    "adjusted_rand_index": 0.04968206760246768,
    "normalized_mutual_info": 0.07648298508940678
  },
  "confusion_matrix": [
    [
      14,
      7,
      9
    ],
    [
      11,
      3,
      16
    ],
    [
      13,
      13,
      4
    ]
  ],
  "cluster_distribution": {
    "0": 38,
    "1": 23,
    "2": 29
  },
  "true_distribution": {
    "0": 30,
    "1": 30,
    "2": 30
  }
}