{
  "overall_metrics": {
    "accuracy": 0.9555555555555556,
    "precision": 0.9583333333333334,
    "recall": 0.9555555555555556,
    "f1_score": 0.9546850998463902
  },
  "per_class_metrics": {
    "0": {
      "precision": 0.9375,
      "recall": 1.0,
      "f1_score": 0.967741935483871
    },
    "1": {
      "precision": 0.9375,
      "recall": 1.0,
      "f1_score": 0.967741935483871
    },
    "2": {
      "precision": 1.0,
      "recall": 0.8666666666666667,
      "f1_score": 0.9285714285714286
    }
  },
  "confusion_matrix": [
    [
      30,
      0,
      0
    ],
    [
      0,
      30,
      0
    ],
    [
      2,
      2,
      26
    ]
  ],
  "cross_validation": {
    "scores": [
      0.6666666666666666,
      0.7222222222222222,
      0.5555555555555556,
      0.5555555555555556,
      0.8333333333333334
    ],
    "mean_score": 0.6666666666666667,
    "std_score": 0.10540925533894598,
    "min_score": 0.5555555555555556,
    "max_score": 0.8333333333333334
  }
}