{
  "metrics": {
    "adjusted_rand_index": 0.34740269305471244,
    "normalized_mutual_info": 0.40277574683541795
  },
  "confusion_matrix": [
    [
      73,
      0,
      27
    ],
    [
      6,
      79,
      15
    ],
    [
      50,
      0,
      50
    ]
  ],
  "cluster_distribution": {
    "0": 129,
    "1": 79,
    "2": 92
  },
  "true_distribution": {
    "0": 100,
    "1": 100,
    "2": 100
  }
}