{
  "overall_metrics": {
    "accuracy": 0.9366666666666666,
    "precision": 0.9467787114845938,
    "recall": 0.9366666666666666,
    "f1_score": 0.9372509215953445
  },
  "per_class_metrics": {
    "0": {
      "precision": 0.8403361344537815,
      "recall": 1.0,
      "f1_score": 0.91324200913242
    },
    "1": {
      "precision": 1.0,
      "recall": 0.96,
      "f1_score": 0.9795918367346939
    },
    "2": {
      "precision": 1.0,
      "recall": 0.85,
      "f1_score": 0.918918918918919
    }
  },
  "confusion_matrix": [
    [
      100,
      0,
      0
    ],
    [
      4,
      96,
      0
    ],
    [
      15,
      0,
      85
    ]
  ],
  "cross_validation": {
    "scores": [
      0.7666666666666667,
      0.8166666666666667,
      0.8833333333333333,
      0.85,
      0.8833333333333333
    ],
    "mean_score": 0.8400000000000001,
    "std_score": 0.0442216638714053,
    "min_score": 0.7666666666666667,
    "max_score": 0.8833333333333333
  }
}