{
  "metrics": {
    "adjusted_rand_index": 0.7065832656426103,
    "normalized_mutual_info": 0.7120510303968154
  },
  "confusion_matrix": [
    [
      167,
      0,
      33
    ],
    [
      0,
      174,
      26
    ],
    [
      0,
      3,
      197
    ]
  ],
  "cluster_distribution": {
    "0": 167,
    "1": 177,
    "2": 256
  },
  "true_distribution": {
    "0": 200,
    "1": 200,
    "2": 200
  }
}