{
  "overall_metrics": {
    "accuracy": 0.99,
    "precision": 0.9902032520325204,
    "recall": 0.99,
    "f1_score": 0.9899986977131842
  },
  "per_class_metrics": {
    "0": {
      "precision": 0.975609756097561,
      "recall": 1.0,
      "f1_score": 0.9876543209876543
    },
    "1": {
      "precision": 0.995,
      "recall": 0.995,
      "f1_score": 0.995
    },
    "2": {
      "precision": 1.0,
      "recall": 0.975,
      "f1_score": 0.9873417721518988
    }
  },
  "confusion_matrix": [
    [
      200,
      0,
      0
    ],
    [
      1,
      199,
      0
    ],
    [
      4,
      1,
      195
    ]
  ],
  "cross_validation": {
    "scores": [
      0.9666666666666667,
      0.9916666666666667,
      0.9666666666666667,
      0.9583333333333334,
      0.95
    ],
    "mean_score": 0.9666666666666668,
    "std_score": 0.013944333775567943,
    "min_score": 0.95,
    "max_score": 0.9916666666666667
  }
}